
<?xml version="1.0" encoding="utf-8"?>
<xsl:stylesheet version="1.0" xmlns:xsl="http://www.w3.org/1999/XSL/Transform"
    xmlns:msxsl="urn:schemas-microsoft-com:xslt" exclude-result-prefixes="msxsl">
    
    <xsl:output method="html" indent="yes"/>
    
<!-- II TRANSFORMACJA -->
<!-- Copy all elements and attributes as is -->


  <xsl:template match="@*|node()">
    <xsl:copy>
      <xsl:apply-templates select="@*|node()"/>
    </xsl:copy>
  </xsl:template>


  <!-- Przekształcanie nazwy jednego ze znaczników na wartość innego elementu -->
  <xsl:template match="nazwa">
    <xsl:element name="{./text()}">
      <xsl:value-of select="../tekst"/>
    </xsl:element>
  </xsl:template>

  <!-- Przekształcanie nazwy jednego z atrybutów na wartość innego elementu -->
  <xsl:template match="@n">
    <xsl:attribute name="{../nazwa}">
      <xsl:value-of select="."/>
    </xsl:attribute>
  </xsl:template>

  <!-- Dodawanie nowych elementów i atrybutów -->
  <xsl:template match="nazwa">
    <wypisanie atrybut1="Nazwa">
      <miejsceWypisania atrybut2="Sport">
        <xsl:value-of select="."/>
      </miejsceWypisania>
    </wypisanie>
  </xsl:template>

  <xsl:template match="link">
    <miejsceNaLink atrybut3="Odnosnik">
        <LINK>
            <xsl:copy-of select="@*|node()"/>
        </LINK>
    </miejsceNaLink>
  </xsl:template>

  <xsl:template match="poruszaneTematy/temat/@ilosc">
    <xsl:attribute name="numerTematu">
      <xsl:value-of select="."/>
    </xsl:attribute>
  </xsl:template>

  <xsl:template match="sport/tekst/@name">
    <xsl:attribute name="opisPunktu">
      <xsl:value-of select="."/>
    </xsl:attribute>
  </xsl:template>

</xsl:stylesheet>
