<?xml-stylesheet type="text/xsl" href="I_Transformcja.xslt"><sportyWodne xmlns:xsl="http://www.w3.org/1999/XSL/Transform">
   
    <Temat>
       
       <naglowek>Najpopularniejsze Sporty Wodne</naglowek>
       
       <cytat>"Nie nauczycie się pływać, dopóki nie wrzucę was bez dmuchanych rękawków między rekiny"
          - Dr.House. 
       </cytat>
       
    </Temat>
    
    <Odnosniki>
       
       <sporty>
          
          <WstepDoOdnosnikow>
             
             <tekstDoZrodla>Tu znajdziesz potrzebne rozwinięcia do wszystkich sportów i dodatkowych informacji</tekstDoZrodla>
             
          </WstepDoOdnosnikow>
          
          <zrodlo podstrona="1">
             
             <miejsceNaLink atrybut3="Odnosnik">
                <LINK source="P2_plw.html">Pływanie
             </miejsceNaLink>
             
          </zrodlo>
          
          <zrodlo podstrona="2">
             
             <miejsceNaLink atrybut3="Odnosnik">
                <LINK source="P3_zegl.html">Żeglarstwo
             </miejsceNaLink>
             
          </zrodlo>
          
          <zrodlo podstrona="3">
             
             <miejsceNaLink atrybut3="Odnosnik">
                <LINK source="P4_nurk.html">Nurkowanie
             </miejsceNaLink>
             
          </zrodlo>
          
          <zrodlo podstrona="4">
             
             <miejsceNaLink atrybut3="Odnosnik">
                <LINK source="P5_kajak.html">Kajakarstwo
             </miejsceNaLink>
             
          </zrodlo>
          
          <zrodlo podstrona="5">
             
             <miejsceNaLink atrybut3="Odnosnik">
                <LINK source="P6_wind.html">Windsurfing
             </miejsceNaLink>
             
          </zrodlo>
          
       </sporty>
       
       <dodatkoweInformacje>
          
          <miejsceNaLink atrybut3="Odnosnik">
             <LINK source="P7_dod.html">Dodatkowe Informacje
          </miejsceNaLink>
          
       </dodatkoweInformacje>
       
    </Odnosniki>
    
    <Glowna>
       
       <wstep>
          
          <tytul name="wstep">Wstęp</tytul>
          
          <tresc>
             
             <tekst name="wstep">
                Jeśli fascynuje Cię aktywność na wodzie i chcesz dowiedzieć się więcej o różnorodnych
                sportach wodnych, to jesteś we właściwym miejscu. Moja strona poświęcona jest, mojej
                pasji i jeśli czujesz się 
                zainteresowany lub podzielasz moją pasję, to ta strona odpowie na twoje wszystkie
                pytania.
                
             </tekst>
             
             <miejsceNaLink atrybut3="Odnosnik">
                <LINK source="#odsylacz2">
             </miejsceNaLink>
             
             <opis>Powyższy link przekieryje cie do </opis>
             
          </tresc>
          
       </wstep>
       
       <sport Pływanie="1">
          
          <wypisanie atrybut1="Nazwa">
             <miejsceWypisania atrybut2="Sport">Pływanie</miejsceWypisania>
          </wypisanie>
          
          <miejsceNaLink atrybut3="Odnosnik">
             <LINK source="P2_plw.html">
          </miejsceNaLink>
          
          <image source="img/plywanie.jpeg"></image>
          
          <tekst opisPunktu="sport">
             Pływanie to popularna dyscyplina sportu oraz forma rekreacji,
             polegająca na poruszaniu się w wodzie za pomocą specjalnych
             technik i ruchów kończyn. Pływanie jest nie tylko sportem,
             ale także formą aktywności fizycznej, która przynosi wiele korzyści dla zdrowia i
             kondycji.
             
          </tekst>
          
          <poruszaneTematy>
             
             <temat numerTematu="1">Korzyści zdrowotne</temat>
             
             <temat numerTematu="2">Style Pływackie</temat>
             
             <temat numerTematu="3">Wody otwarte i zamknięte</temat>
             
             <temat numerTematu="4">Konkurencje i rekordy</temat>
             
          </poruszaneTematy>
          
       </sport>
       
       <sport Żeglarstwo="2">
          
          <wypisanie atrybut1="Nazwa">
             <miejsceWypisania atrybut2="Sport">Żeglarstwo</miejsceWypisania>
          </wypisanie>
          
          <miejsceNaLink atrybut3="Odnosnik">
             <LINK source="P3_zegl.html">
          </miejsceNaLink>
          
          <image source="img/zeglarstwo.jpg"></image>
          
          <tekst opisPunktu="sport">
             Żeglarstwo to fascynujący sport oraz styl rekreacji, który pozwala łączyć pasję
             do przygody i odkrywania z aktywnością na otwartych wodach. To wyjątkowa dyscyplina,
             która przyciąga zarówno profesjonalnych żeglarzy, jak i amatorów, oferując
             nie tylko sportową rywalizację, ale także spokój i relaks na szumiących falach.
             
          </tekst>
          
          <poruszaneTematy>
             
             <temat numerTematu="1">Tradycja</temat>
             
             <temat numerTematu="2">Rodzaje żaglowców</temat>
             
             <temat numerTematu="3">Żeglowanie na wodach otwartych i zamkniętych</temat>
             
             <temat numerTematu="4">Żeglarstwo jako sport</temat>
             
          </poruszaneTematy>
          
       </sport>
       
       <sport Nurkowanie="3">
          
          <wypisanie atrybut1="Nazwa">
             <miejsceWypisania atrybut2="Sport">Nurkowanie</miejsceWypisania>
          </wypisanie>
          
          <miejsceNaLink atrybut3="Odnosnik">
             <LINK source="P4_nurk.html">
          </miejsceNaLink>
          
          <image source="img/nurkowanie.jpg"></image>
          
          <tekst opisPunktu="sport">
             Nurkowanie to więcej niż tylko sport - to fascynująca podróż w otchłań
             podwodnego świata oraz spokojny sposób na oderwanie się od codziennego zgiełku.
             Niezależnie od tego, czy jesteś doświadczonym nurkiem, czy dopiero rozważasz swoją
             pierwszą przygodę pod wodą, nurkowanie może być zarówno sportem, jak i stylem życia.
             
          </tekst>
          
          <poruszaneTematy>
             
             <temat numerTematu="1">Podwodna przygoda</temat>
             
             <temat numerTematu="2">Umiejętności nurków</temat>
             
             <temat numerTematu="3">Ekologia</temat>
             
             <temat numerTematu="4">Bezpieczeństwo</temat>
             
          </poruszaneTematy>
          
       </sport>
       
       <sport Kajakarstwo="4">
          
          <wypisanie atrybut1="Nazwa">
             <miejsceWypisania atrybut2="Sport">Kajakarstwo</miejsceWypisania>
          </wypisanie>
          
          <miejsceNaLink atrybut3="Odnosnik">
             <LINK source="P5_kajak.html">
          </miejsceNaLink>
          
          <image source="img/kajak.jpg"></image>
          
          <tekst opisPunktu="sport">
             Kajakarstwo to jedna z tych dyscyplin, która łączy w sobie ekscytujący sport z
             relaksem i bliskim kontaktem z naturą. Kajakarstwo to nie tylko sport, to także 
             sposób na życie i odkrywanie tajemnic w morskich głębinach.
             
          </tekst>
          
          <poruszaneTematy>
             
             <temat numerTematu="1">Aktywność i rekreacja</temat>
             
             <temat numerTematu="2">Kajakarstwo jako sport</temat>
             
             <temat numerTematu="3">Turystyka</temat>
             
             <temat numerTematu="4">Dane i informacje</temat>
             
          </poruszaneTematy>
          
       </sport>
       
       <sport Windsurfing="5">
          
          <wypisanie atrybut1="Nazwa">
             <miejsceWypisania atrybut2="Sport">Windsurfing</miejsceWypisania>
          </wypisanie>
          
          <miejsceNaLink atrybut3="Odnosnik">
             <LINK source="P6_wind.html">
          </miejsceNaLink>
          
          <image source="img/Windsurf.jpeg"></image>
          
          <tekst opisPunktu="sport">
             Windsurfing to nie tylko sport, to również sposób na połączenie ekstremalnej aktywności
             fizycznej z ekstremalnymi emocjami. Ta dynamiczna dyscyplina łącząca surfowanie i
             żeglarstwo
             przyciąga zarówno profesjonalnych zawodników, jak i entuzjastów morskich przygód.
             Windsurfing
             to sport, który kształtuje charakter, rozwija umiejętności ale również pozwala odkryć
             siebie
             i swoje możliwości na nowo.
             
          </tekst>
          
          <poruszaneTematy>
             
             <temat numerTematu="1">Historia</temat>
             
             <temat numerTematu="2">Technologia i sprzęt</temat>
             
             <temat numerTematu="3">Popularność</temat>
             
             <temat numerTematu="4">Korzyści zdrowotne i ekologiczne</temat>
             
          </poruszaneTematy>
          
       </sport>
       
       <osoba>
          
          <autor>
             
             <imie>Kacper</imie>
             
             <nazwisko>Żuchowski</nazwisko>
             
             <numer typ="indeks">194660</numer>
             
             <grupa>6</grupa>
             
          </autor>
          
       </osoba>
       
    </Glowna>
    
 </sportyWodne>