<?xml version="1.0" encoding="UTF-8"?>
<?xml-stylesheet type="text/xsl" href="I_Transformcja.xslt"?>

<sportyWodne xmlns:xsl="http://www.w3.org/1999/XSL/Transform">
    <Temat>
        <naglowek>Najpopularniejsze Sporty Wodne</naglowek>
        <cytat>"Nie nauczycie się pływać, dopóki nie wrzucę was bez dmuchanych rękawków między rekiny" - Dr.House. </cytat>
    </Temat>
    <Odnosniki>
        <sporty>
            <WstepDoOdnosnikow>
                <tekstDoZrodla>Tu znajdziesz potrzebne rozwinięcia do wszystkich sportów i dodatkowych informacji</tekstDoZrodla>
            </WstepDoOdnosnikow>
            <zrodlo podstrona="1">
                <link source="P2_plw.html">Pływanie</link>
            </zrodlo>
            <zrodlo podstrona="2">
                <link source="P3_zegl.html">Żeglarstwo</link>
            </zrodlo>
            <zrodlo podstrona="3">
                <link source="P4_nurk.html">Nurkowanie</link>
            </zrodlo>
            <zrodlo podstrona="4">
                <link source="P5_kajak.html">Kajakarstwo</link>
            </zrodlo>
            <zrodlo podstrona="5">
                <link source="P6_wind.html">Windsurfing</link>
            </zrodlo>
        </sporty>
        <dodatkoweInformacje>
            <link source="P7_dod.html">Dodatkowe Informacje</link>
        </dodatkoweInformacje>
    </Odnosniki>
    <Glowna>
        <wstep>
            <tytul name="wstep">Wstęp</tytul>
            <tresc>
                <tekst name="wstep">
                    Jeśli fascynuje Cię aktywność na wodzie i chcesz dowiedzieć się więcej o różnorodnych
                    sportach wodnych, to jesteś we właściwym miejscu. Moja strona poświęcona jest, mojej pasji i jeśli czujesz się 
                    zainteresowany lub podzielasz moją pasję, to ta strona odpowie na twoje wszystkie pytania.
                </tekst>
                <link source="#odsylacz2"></link>
                <opis>Powyższy link przekieryje cie do </opis>
            </tresc>
        </wstep>
        <sport n="1">
            <nazwa>Pływanie</nazwa>
            <link source="P2_plw.html"></link>
            <image source="img/plywanie.jpeg"></image>
            <tekst name="sport">
                Pływanie to popularna dyscyplina sportu oraz forma rekreacji,
                polegająca na poruszaniu się w wodzie za pomocą specjalnych
                technik i ruchów kończyn. Pływanie jest nie tylko sportem,
                ale także formą aktywności fizycznej, która przynosi wiele korzyści dla zdrowia i kondycji.
            </tekst>
            <poruszaneTematy>
                <temat ilosc="1">Korzyści zdrowotne</temat>
                <temat ilosc="2">Style Pływackie</temat>
                <temat ilosc="3">Wody otwarte i zamknięte</temat>
                <temat ilosc="4">Konkurencje i rekordy</temat>
            </poruszaneTematy>
        </sport>
        <sport n="2">
            <nazwa>Żeglarstwo</nazwa>
            <link source="P3_zegl.html"></link>
            <image source="img/zeglarstwo.jpg"></image>
            <tekst name="sport">
                Żeglarstwo to fascynujący sport oraz styl rekreacji, który pozwala łączyć pasję
                do przygody i odkrywania z aktywnością na otwartych wodach. To wyjątkowa dyscyplina,
                która przyciąga zarówno profesjonalnych żeglarzy, jak i amatorów, oferując
                nie tylko sportową rywalizację, ale także spokój i relaks na szumiących falach.
            </tekst>
            <poruszaneTematy>
                <temat ilosc="1">Tradycja</temat>
                <temat ilosc="2">Rodzaje żaglowców</temat>
                <temat ilosc="3">Żeglowanie na wodach otwartych i zamkniętych</temat>
                <temat ilosc="4">Żeglarstwo jako sport</temat>
            </poruszaneTematy>
        </sport>
        <sport n="3">
            <nazwa>Nurkowanie</nazwa>
            <link source="P4_nurk.html"></link>
            <image source="img/nurkowanie.jpg"></image>
            <tekst name="sport">
                Nurkowanie to więcej niż tylko sport - to fascynująca podróż w otchłań
                podwodnego świata oraz spokojny sposób na oderwanie się od codziennego zgiełku.
                Niezależnie od tego, czy jesteś doświadczonym nurkiem, czy dopiero rozważasz swoją
                pierwszą przygodę pod wodą, nurkowanie może być zarówno sportem, jak i stylem życia.
            </tekst>
            <poruszaneTematy>
                <temat ilosc="1">Podwodna przygoda</temat>
                <temat ilosc="2">Umiejętności nurków</temat>
                <temat ilosc="3">Ekologia</temat>
                <temat ilosc="4">Bezpieczeństwo</temat>
            </poruszaneTematy>
        </sport>
        <sport n="4">
            <nazwa>Kajakarstwo</nazwa>
            <link source="P5_kajak.html"></link>
            <image source="img/kajak.jpg"></image>
            <tekst name="sport">
                Kajakarstwo to jedna z tych dyscyplin, która łączy w sobie ekscytujący sport z
                relaksem i bliskim kontaktem z naturą. Kajakarstwo to nie tylko sport, to także 
                sposób na życie i odkrywanie tajemnic w morskich głębinach.
            </tekst>
            <poruszaneTematy>
                <temat ilosc="1">Aktywność i rekreacja</temat>
                <temat ilosc="2">Kajakarstwo jako sport</temat>
                <temat ilosc="3">Turystyka</temat>
                <temat ilosc="4">Dane i informacje</temat>
            </poruszaneTematy>
        </sport>
        <sport n="5">
            <nazwa>Windsurfing</nazwa>
            <link source="P6_wind.html"></link>
            <image source="img/Windsurf.jpeg"></image>
            <tekst name="sport">
                Windsurfing to nie tylko sport, to również sposób na połączenie ekstremalnej aktywności
                fizycznej z ekstremalnymi emocjami. Ta dynamiczna dyscyplina łącząca surfowanie i żeglarstwo
                przyciąga zarówno profesjonalnych zawodników, jak i entuzjastów morskich przygód. Windsurfing
                to sport, który kształtuje charakter, rozwija umiejętności ale również pozwala odkryć siebie
                i swoje możliwości na nowo.
            </tekst>
            <poruszaneTematy>
                <temat ilosc="1">Historia</temat>
                <temat ilosc="2">Technologia i sprzęt</temat>
                <temat ilosc="3">Popularność</temat>
                <temat ilosc="4">Korzyści zdrowotne i ekologiczne</temat>
            </poruszaneTematy>
        </sport>
        <osoba>
            <autor>
                <imie>Kacper</imie>
                <nazwisko>Żuchowski</nazwisko>
                <numer typ="indeks">194660</numer>
                <grupa>6</grupa>
            </autor>
        </osoba>
    </Glowna>
</sportyWodne>